Name,Start Date,End Date,Soft Cap,Hard Cap,Funds Raised,Amount of Tokens at ICO,Consensus Mechanisms,Purpose,Type,Platform,On Exchanges?,Market Price,Market Volume,Market Cap,Circulating Supply,Bullish vs. Bearish Sentiment,Popularity
GameX (GAMEX),1/9/2018,1/27/2018,,,Under Goal,,,"Video Game Marketplace, gaming project funding, coin mining hub",Marketplace,Waves,No,,,,"160,000 GAMEX",,
ModulTrade (MTRC),11/28/2017,1/27/2018,,,,40000000,,Trading system on the blockchain,Marketplace,Ethereum,,,,,"7,500,000 MTRc",,
CoinPoker (CHP),1/19/2018,1/26/2018,,,"$52,712,179.00 ",275000000,,Poker games,Gaming,Ethereum,,,,,,,
CoinStarter (STC),12/6/2017,2/17/2018,"$4,000,000.00 ","$58,000,000.00 ","$6,107,911.71 ",695800000,,Fundraising/crowdfunding platform,,Ethereum,Yes,$0.16 ,,,,,
eWaiter (WTR),12/26/2017,1/26/2018,"$200,000.00 ","$400,000.00 ",,90000000,,,,Ethereum,No,,,,,,
Jibrel Network (JNT),11/27/2017,1/26/2018,,,,140000000,,"The jibrel network allows anyone to digitize, list, trade and sell traditional assets, such as currencies, bonds and other instruments, on-chain.",,Ethereum,No,,,,,,
Propify Pre-Contribution (REALE),12/14/2017,1/26/2018,"$1,000,000.00 ","$80,000,000.00 ",,,,"Propify is an ecosystem of distributed technology tasked with the accurate promotion of real estate listings via social media & search engines, accessing consumers in their natural online search habits.","Social Network, Real Estate",Ethereum,No,,,,,,
Ret (HCT),12/16/2017,1/25/2018,"$720,000.00 ",,,,,"Decentralized rental platform, purchase, sale of real estate, designed to solve the issue of ownership of housing 1 200 000 000 people. ""RET"" brings together investors, property owners and tenants, providing services for concluding transactions for investing, selling and renting commercial and residential real estate","Social Network, Real Estate",Ethereum,No,,,,,,
SocialX (SOCX),1/15/2018,1/24/2018,"$200,000.00 ","$2,000,000.00 ","1,000 ETH",,,"Users can share photos and videos, send encrypted messages, payments, stream live streams and sell licenses for their creative content and earn cryptocurrency awards",Social Network,Ethereum,No,,,,,,
AppCoins (APPC),12/13/2017,1/21/2018,"$2,500,000.00 ","$15,300,000.00 ","$15,300,000.00 ",450000000,,An app store basically,Marketplace,Ethereum,Yes,$0.71 ,"$7,049,320 ","$70,544,693 ","100,054,312 APPC",,
FintruX Network (FTX),11/7/2017,2/28/2018,5000 ETH,"$25,000,000.00 ",,,,"FintruX Network is a blockchain based online ecosystem connecting borrowers, lenders, and rated service agencies. FintruX facilitates marketplace lending in a true peer-to-peer network to ease the cash-flow issues of small businesses and startups.",Loan Service,Ethereum,No,,,,,,
iBuildApp Network (IBA),11/7/2017,2/15/2018,,"$2,000,000.00 ",,15000000,,"The iBuildApp Network is building a decentralized mobile marketplace that will include a mobile advertising network, called adNetwork, which will make use of the Ethereum blockchain to alleviate the issues of ad fraud by linking up users directly with advertisers and recording all interactions in an immutable and transparent manner.",Marketplace,Ethereum,,,,,,,
Düber (DBR),10/24/2017,1/19/2018,,,,,,,,,,,,,,,
Getoken (GET),12/20/2017,1/19/2018,,, ,,,,,,,,,,,,
Handmade (TLT),12/21/2017,1/19/2018,,,,,,,,,,,,,,,
FundCru (FUND),12/5/2017,1/18/2018,,,,,,,,,,,,,,,
GraphGrailAi (GAI),12/17/2017,1/17/2018,,,,,,,,,,,,,,,
TokenPay (TPAY),12/7/2017,1/17/2018,,,,,,,,,,,,,,,
Zabercoin (ZAB),12/1/2017,1/16/2018,,,,,,,,,,,,,,,
BCDiploma (BCDT),12/1/2017,1/15/2018,,,,,,,,,,,,,,,
Capillar (CAP),12/15/2017,1/15/2018,,,,,,,,,,,,,,,
Covesting (COV),11/24/2017,1/15/2018,,,,,,,,,,,,,,,
CrowdPainting (INK),11/15/2017,1/15/2018,,,,,,,,,,,,,,,
Earth Token (ETN),11/17/2017,1/15/2018,,,,,,,,,,,,,,,
Eggs Datacenter (EGS),10/14/2017,1/15/2018,,,,,,,,,,,,,,,
Enjoy Life (ENJL),12/1/2017,1/15/2018,,,,,,,,,,,,,,,
Mobius (MOBI),11/8/2017,1/15/2018,,,,,,,,,,,,,,,
PodOne (QBE),11/8/2017,1/15/2018,,,,,,,,,,,,,,,
Wireline (WRL),10/15/2017,1/15/2018,,,,,,,,,,,,,,,
YourBlock (presale) (YBK),12/18/2017,1/15/2018,,,,,,,,,,,,,,,
BitMart (BMC),12/27/2017,1/14/2018,,,,,,,,,,,,,,,
Crypterium (CRPT),10/30/2017,1/14/2018,,,,,,,,,,,,,,,
FinTab (FNT),12/14/2017,1/14/2018,,,,,,,,,,,,,,,
Flying Money (FML),11/23/2017,1/14/2018,,,,,,,,,,,,,,,
PlayBets (PLT),12/22/2017,1/14/2018,,,,,,,,,,,,,,,
Lendoit (LOAN),12/13/2017,1/13/2018,,,,,,,,,,,,,,,
Taklimakan Network (TKLN),12/12/2017,1/12/2018,,,,,,,,,,,,,,,
The Bee Token (BEE),12/18/2017,1/12/2018,,,,,,,,,,,,,,,
Valorem Foundation (VLR),12/1/2017,1/11/2018,,,,,,,,,,,,,,,
Bezop Network (BEZ),12/20/2017,1/10/2018,,,,,,,,,,,,,,,
charitySPACE (CHT),12/20/2017,1/10/2018,,,,,,,,,,,,,,,
Coinseed (CSD),12/20/2017,1/10/2018,,,,,,,,,,,,,,,
CrowdDrive (CAR),12/10/2017,1/10/2018,,,,,,,,,,,,,,,
CryptoTask (CTF),11/20/2017,1/10/2018,,,,,,,,,,,,,,,
Graphene Power (GRP),12/20/2017,1/10/2018,,,,,,,,,,,,,,,
SwissBorg (CHSB),12/7/2017,1/10/2018,,,,,,,,,,,,,,,
Zilliqa (ZIL),12/27/2017,1/10/2018,,,,,,,,,,,,,,,
Florio (FLR),12/8/2017,1/8/2018,,,,,,,,,,,,,,,
Librium (EQL),12/8/2017,1/8/2018,,,,,,,,,,,,,,,
GTCoin (GTC),11/2/2017,1/7/2018,,,,,,,,,,,,,,,
Metrumcoin (M2C),12/10/2017,1/7/2018,,,,,,,,,,,,,,,
CyberTrust (CABS),11/27/2017,1/5/2018,,,,,,,,,,,,,,,
REMME (REM),12/4/2017,1/4/2018,,,,,,,,,,,,,,,
trade.io (TIO),12/7/2017,1/4/2018,,,,,,,,,,,,,,,
Zipper (ZIPT),11/30/2017,1/4/2018,,,,,,,,,,,,,,,
Crazy Shapes (CZC),10/4/2017,1/3/2018,,,,,,,,,,,,,,,
Startima (STAT),10/22/2017,1/3/2018,,,,,,,,,,,,,,,
TableCoin (TAC),10/11/2017,1/2/2018,,,,,,,,,,,,,,,
Asset Token ERC20 (AST),8/31/2017,1/1/2018,,,,,,,,,,,,,,,
Bazista (BZS),11/16/2017,1/1/2018,,,,,,,,,,,,,,,
Charg Coin (CHARG),11/16/2017,1/1/2018,,,,,,,,,,,,,,,
Climatecoin (CO2),10/22/2017,1/1/2018,,,,,,,,,,,,,,,
Crowdholding (YUP),10/31/2017,1/1/2018,,,,,,,,,,,,,,,
Crypto Improvement Fund (CIF),9/30/2017,1/1/2018,,,,,,,,,,,,,,,
MoneyTree (TREE),10/23/2017,1/1/2018,,,,,,,,,,,,,,,
Vevue (VUE),10/27/2017,1/1/2018,,,,,,,,,,,,,,,
“I am” by Infobeing (IAM),11/23/2017,12/31/2017,,,,,,,,,,,,,,,
Ananas (ANA),11/20/2017,12/31/2017,,,,,,,,,,,,,,,
Aurora (DVIP),12/4/2017,12/31/2017,,,,,,,,,,,,,,,
BBiller (BBR),8/13/2017,12/31/2017,,,,,,,,,,,,,,,
beeqb (BEQB),10/31/2017,12/31/2017,,,,,,,,,,,,,,,
BitDegree (BDG),12/1/2017,12/31/2017,,,,,,,,,,,,,,,
Bounty0x (BNTY),12/15/2017,12/31/2017,,,,,,,,,,,,,,,
ChainTrade (CTC),10/8/2017,12/31/2017,,,,,,,,,,,,,,,
Cryptonetix (CNX),11/15/2017,12/31/2017,,,,,,,,,,,,,,,
Datarius Cryptobank (DTRC),12/12/2017,12/31/2017,,,,,,,,,,,,,,,
FamilyPoints (FPT),12/1/2017,12/31/2017,,,,,,,,,,,,,,,
Flux (FLUX),12/1/2017,12/31/2017,,,,,,,,,,,,,,,
HealthHeart (HHT),12/1/2017,12/31/2017,,,,,,,,,,,,,,,
LinkerCoin Project (LNC),10/20/2017,12/31/2017,,,,,,,,,,,,,,,
LOCICoin (LOCI),12/8/2017,12/31/2017,,,,,,,,,,,,,,,
LookRev (LOK),9/7/2017,12/31/2017,,,,,,,,,,,,,,,
MAD Network (MAD),11/30/2017,12/31/2017,,,,,,,,,,,,,,,
NetCents Coin (NCCO),10/30/2017,12/31/2017,,,,,,,,,,,,,,,
Open Source University (EDU),11/20/2017,12/31/2017,,,,,,,,,,,,,,,
PlusCoin (PLC),9/25/2017,12/31/2017,,,,,,,,,,,,,,,
Rate ICO (STR),12/10/2017,12/31/2017,,,,,,,,,,,,,,,
Sharpe Capital (SHP),11/6/2017,12/31/2017,,,,,,,,,,,,,,,
Solar Bankers (SUN),11/22/2017,12/31/2017,,,,,,,,,,,,,,,
SPiCE VC (SPX),11/28/2017,12/31/2017,,,,,,,,,,,,,,,
Spotree (SPT),9/10/2017,12/31/2017,,,,,,,,,,,,,,,
StockBet (XSB),10/28/2017,12/31/2017,,,,,,,,,,,,,,,
Tokenlab (LAB),9/30/2017,12/31/2017,,,,,,,,,,,,,,,
Vector (VCTR),12/8/2017,12/31/2017,,,,,,,,,,,,,,,
Arker (ARKER),11/10/2017,12/30/2017,,,,,,,,,,,,,,,
Bloom (BLT),11/30/2017,12/30/2017,,,,,,,,,,,,,,,
Carblox (CRX),10/29/2017,12/30/2017,,,,,,,,,,,,,,,
DCX (DCX),11/30/2017,12/30/2017,,,,,,,,,,,,,,,
e-Chat (ECHT),11/16/2017,12/30/2017,,,,,,,,,,,,,,,
Exxor (EXX),10/11/2017,12/30/2017,,,,,,,,,,,,,,,
Finom (FIN),11/19/2017,12/30/2017,,,,,,,,,,,,,,,
Measurable Data Token (MDT),11/30/2017,12/30/2017,,,,,,,,,,,,,,,
Retainly (RET),12/7/2017,12/30/2017,,,,,,,,,,,,,,,
R_Block (CVT),12/20/2017,12/30/2017,,,,,,,,,,,,,,,
SpaceICO (SIO),10/14/2017,12/30/2017,,,,,,,,,,,,,,,
SqPay (SQP),11/1/2017,12/30/2017,,,,,,,,,,,,,,,
TurboGpu (TGS),10/31/2017,12/30/2017,,,,,,,,,,,,,,,
VapeCoin (VPC),10/22/2017,12/30/2017,,,,,,,,,,,,,,,
xСhainge (XCT),12/5/2017,12/30/2017,,,,,,,,,,,,,,,
Zen Protocol (ZEN),11/30/2017,12/30/2017,,,,,,,,,,,,,,,
BitClave – main sale (CAT),11/29/2017,12/29/2017,,,,,,,,,,,,,,,
CoinLoan (CLT),11/26/2017,12/29/2017,,,,,,,,,,,,,,,
DAO PlayMarket 2.0 (PMT),11/8/2017,12/29/2017,,,,,,,,,,,,,,,
Eristica (ERT),12/7/2017,12/29/2017,,,,,,,,,,,,,,,
GuideCTF (GCTF),10/4/2017,12/29/2017,,,,,,,,,,,,,,,
NAU (NAU),10/31/2017,12/29/2017,,,,,,,,,,,,,,,
SingularityNET (AGI),12/8/2017,12/29/2017,,,,,,,,,,,,,,,
Spectiv (SIG),12/8/2017,12/29/2017,,,,,,,,,,,,,,,
Verify (CRED),11/29/2017,12/29/2017,,,,,,,,,,,,,,,
Bankex (BKX),11/28/2017,12/28/2017,,,,,,,,,,,,,,,
BMCHAIN (BMT),9/9/2017,12/28/2017,,,,,,,,,,,,,,,
MARK.SPACE (MRK),10/30/2017,12/28/2017,,,,,,,,,,,,,,,
Decentralized Escrow (DES),11/29/2017,12/27/2017,,,,,,,,,,,,,,,
SilentNotary (SNTR),12/13/2017,12/27/2017,,,,,,,,,,,,,,,
TradePlayz (TPZ),12/20/2017,12/27/2017,,,,,,,,,,,,,,,
BitCoen (BEN),11/28/2017,12/26/2017,,,,,,,,,,,,,,,
CanYa (CAN),11/26/2017,12/26/2017,,,,,,,,,,,,,,,
GIF by SOCIFI (GIF),12/6/2017,12/26/2017,,,,,,,,,,,,,,,
Homni (HOMNI),11/16/2017,12/26/2017,,,,,,,,,,,,,,,
Nitro (NOX),12/1/2017,12/26/2017,,,,,,,,,,,,,,,
Sirin Labs (SRN),12/12/2017,12/26/2017,,,,,,,,,,,,,,,
AB-CHAIN (ABC),10/22/2017,12/25/2017,,,,,,,,,,,,,,,
Arbitrage Crypto Trader (ACT),10/19/2017,12/25/2017,,,,,,,,,,,,,,,
ASTRcoin (ASTR),11/6/2017,12/25/2017,,,,,,,,,,,,,,,
CryptoCopy (CPY),11/11/2017,12/25/2017,,,,,,,,,,,,,,,
INS Ecosystem (INS),12/4/2017,12/25/2017,,,,,,,,,,,,,,,
"Movement App, Pre-ICO (MOVE)",12/15/2017,12/25/2017,,,,,,,,,,,,,,,
Opporty (OPP),11/27/2017,12/25/2017,,,,,,,,,,,,,,,
Ponsumer (PONS),11/10/2017,12/25/2017,,,,,,,,,,,,,,,
REGA Risk Sharing (RST),11/24/2017,12/25/2017,,,,,,,,,,,,,,,
Vectorspace (VEC),11/18/2017,12/25/2017,,,,,,,,,,,,,,,
Virtonomics ICO (VIC),11/25/2017,12/25/2017,,,,,,,,,,,,,,,
Bitnation (PAT),11/24/2017,12/24/2017,,,,,,,,,,,,,,,
RoboAdvisorCoin (RAC),11/24/2017,12/24/2017,,,,,,,,,,,,,,,
Robot Trading (RTD),10/23/2017,12/24/2017,,,,,,,,,,,,,,,
TokenDesk (TDS),10/3/2017,12/24/2017,,,,,,,,,,,,,,,
Bread (BRD),12/15/2017,12/23/2017,,,,,,,,,,,,,,,
FUELDApp (FUELD),11/23/2017,12/23/2017,,,,,,,,,,,,,,,
Gaming Stars (GAMES),11/23/2017,12/23/2017,,,,,,,,,,,,,,,
Rocket Pool (RPL),11/25/2017,12/23/2017,,,,,,,,,,,,,,,
Smart Identity (ATHAU),11/28/2017,12/23/2017,,,,,,,,,,,,,,,
Telcoin (TEL),12/11/2017,12/23/2017,,,,,,,,,,,,,,,
Sola (SOL),11/27/2017,12/22/2017,,,,,,,,,,,,,,,
#Hearthy (HER),10/14/2017,12/21/2017,,,,,,,,,,,,,,,
Acebusters (NTZ),9/20/2017,12/21/2017,,,,,,,,,,,,,,,
Blocklancer (LNC),11/21/2017,12/21/2017,,,,,,,,,,,,,,,
Debitum Network (DEB),12/7/2017,12/21/2017,,,,,,,,,,,,,,,
Dopameme (DMT),11/21/2017,12/21/2017,,,,,,,,,,,,,,,
DropDeck (DDD),11/21/2017,12/21/2017,,,,,,,,,,,,,,,
Game Project (GMIT),12/7/2017,12/21/2017,,,,,,,,,,,,,,,
Gaze Coin (GZE),12/10/2017,12/21/2017,,,,,,,,,,,,,,,
Heardbeats (HBT),11/24/2017,12/21/2017,,,,,,,,,,,,,,,
Nebeus (NBTK),10/8/2017,12/21/2017,,,,,,,,,,,,,,,
PikcioChain (PKC),11/23/2017,12/21/2017,,,,,,,,,,,,,,,
Prosense (VRP),10/18/2017,12/21/2017,,,,,,,,,,,,,,,
Sparkle Coin (SPRK),9/19/2017,12/21/2017,,,,,,,,,,,,,,,
TeleX AI (TLX),11/21/2017,12/21/2017,,,,,,,,,,,,,,,
Assetron Energy (ASTRN),11/20/2017,12/20/2017,,,,,,,,,,,,,,,
Atrix (ATRIX),11/25/2017,12/20/2017,,,,,,,,,,,,,,,
Block Bank (BBRT),11/20/2017,12/20/2017,,,,,,,,,,,,,,,
Blockchain Taxi (BCT),12/15/2017,12/20/2017,,,,,,,,,,,,,,,
Chainium (CHX),11/27/2017,12/20/2017,,,,,,,,,,,,,,,
Giga Giving (GC),11/15/2017,12/20/2017,,,,,,,,,,,,,,,
Gizer (GZR),11/30/2017,12/20/2017,,,,,,,,,,,,,,,
Lordmancer II (LC),11/7/2017,12/20/2017,,,,,,,,,,,,,,,
MaxiTube (TUBE),11/30/2017,12/20/2017,,,,,,,,,,,,,,,
MDK (MDK),11/29/2017,12/20/2017,,,,,,,,,,,,,,,
Rentberry — presale (BERRY),12/5/2017,12/20/2017,,,,,,,,,,,,,,,
SISA (SISA),11/11/2017,12/20/2017,,,,,,,,,,,,,,,
SRCoin (SRCO),11/15/2017,12/20/2017,,,,,,,,,,,,,,,
Swisstok (SWS),11/23/2017,12/20/2017,,,,,,,,,,,,,,,
The Veris Foundation (VRS),11/20/2017,12/20/2017,,,,,,,,,,,,,,,
Vrcoin (VRC),11/20/2017,12/20/2017,,,,,,,,,,,,,,,
ARRM (ARM),11/16/2017,12/19/2017,,,,,,,,,,,,,,,
Foreground (DEAL),11/28/2017,12/19/2017,,,,,,,,,,,,,,,
HashHive (CELL),11/20/2017,12/19/2017,,,,,,,,,,,,,,,
Kikohash (KIKO),11/21/2017,12/19/2017,,,,,,,,,,,,,,,
Miniapps.pro (MAT),10/17/2017,12/19/2017,,,,,,,,,,,,,,,
Mirocana (MIRO),11/19/2017,12/19/2017,,,,,,,,,,,,,,,
PayperEx (PAX),8/20/2017,12/19/2017,,,,,,,,,,,,,,,
Sportience (SRT),12/5/2017,12/19/2017,,,,,,,,,,,,,,,
Bank of Memories (BMC),11/20/2017,12/18/2017,,,,,,,,,,,,,,,
Demeter (DMT),11/18/2017,12/18/2017,,,,,,,,,,,,,,,
Investy (IVC),11/24/2017,12/18/2017,,,,,,,,,,,,,,,
PROPS by YouNow (presale) (PROPS),12/11/2017,12/18/2017,,,,,,,,,,,,,,,
Rhovit (RBIT),11/20/2017,12/18/2017,,,,,,,,,,,,,,,
Tigereum (TIG),12/8/2017,12/18/2017,,,,,,,,,,,,,,,
Cooonet (COOO),10/14/2017,12/17/2017,,,,,,,,,,,,,,,
DeHedge (DHT),12/4/2017,12/17/2017,,,,,,,,,,,,,,,
Neufund (NEU),11/17/2017,12/17/2017,,,,,,,,,,,,,,,
RefToken (RFR),10/1/2017,12/17/2017,,,,,,,,,,,,,,,
VLB (VLB),11/27/2017,12/17/2017,,,,,,,,,,,,,,,
Global Crypto Bank (BANK),10/29/2017,12/16/2017,,,,,,,,,,,,,,,
Mavin (MVN),11/22/2017,12/16/2017,,,,,,,,,,,,,,,
TriForce Tokens (TFT),10/10/2017,12/16/2017,,,,,,,,,,,,,,,
Aigang (AIG),11/15/2017,12/15/2017,,,,,,,,,,,,,,,
Etheal (HEAL),11/29/2017,12/15/2017,,,,,,,,,,,,,,,
Gatcoin (presale) (GAT),10/27/2017,12/15/2017,,,,,,,,,,,,,,,
MediBloc (MED),11/20/2017,12/15/2017,,,,,,,,,,,,,,,
Naga Group (NGC),11/19/2017,12/15/2017,,,,,,,,,,,,,,,
Nebulas (NAS),12/1/2017,12/15/2017,,,,,,,,,,,,,,,
Protos (PRTS),10/8/2017,12/15/2017,,,,,,,,,,,,,,,
Rhovit (RBIT),11/15/2017,12/15/2017,,,,,,,,,,,,,,,
Worldcore (WRC),10/13/2017,12/15/2017,,,,,,,,,,,,,,,
GET-Protocol (GET),10/30/2017,12/13/2017,,,,,,,,,,,,,,,
Pally (PAL),8/14/2017,12/13/2017,,,,,,,,,,,,,,,
Credo (CRD),10/1/2017,12/12/2017,,,,,,,,,,,,,,,
CrowdWiz (presale) (WIZ),11/20/2017,12/11/2017,,,,,,,,,,,,,,,
Potentiam (PTM),11/10/2017,12/11/2017,,,,,,,,,,,,,,,
Rexpax (REXX),12/5/2017,12/11/2017,,,,,,,,,,,,,,,
Spectre (SPEC),11/17/2017,12/10/2017,,,,,,,,,,,,,,,
SportyFi (SPF),11/21/2017,12/8/2017,,,,,,,,,,,,,,,
Universa (UTN),10/27/2017,12/8/2017,,,,,,,,,,,,,,,
Hut34 Project (ENT),11/1/2017,12/7/2017,,,,,,,,,,,,,,,
Redemption Tecnologies (BUZZ),11/7/2017,12/7/2017,,,,,,,,,,,,,,,
Wishfinance (WISH),10/1/2017,12/7/2017,,,,,,,,,,,,,,,
AmberPort.io (AMBR),9/14/2017,12/6/2017,,,,,,,,,,,,,,,
Global Jobcoin (GJC),10/27/2017,12/6/2017,,,,,,,,,,,,,,,
Token Security Scheme (TSS),11/6/2017,12/6/2017,,,,,,,,,,,,,,,
Tokens.net (DTR),11/6/2017,12/6/2017,,,,,,,,,,,,,,,
Cashaa Ltd. (CAS),11/6/2017,12/5/2017,,,,,,,,,,,,,,,
Leverj (LEV),11/7/2017,12/5/2017,,,,,,,,,,,,,,,
Galactikka (GALA),10/8/2017,12/4/2017,,,,,,,,,,,,,,,
CommerceBlock (CBT),10/31/2017,12/3/2017,,,,,,,,,,,,,,,
ABR (AUGM),9/30/2017,12/1/2017,,,,,,,,,,,,,,,
Anna (ANNA),10/9/2017,12/1/2017,,,,,,,,,,,,,,,
Betmaster (BETM),9/5/2017,12/1/2017,,,,,,,,,,,,,,,
Blockstack (STX),11/16/2017,12/1/2017,,,,,,,,,,,,,,,
Boro (BORO),10/30/2017,12/1/2017,,,,,,,,,,,,,,,
CLIMATECOIN (CO2),10/31/2017,12/1/2017,,,,,,,,,,,,,,,
DNX Community (DNX),10/31/2017,12/1/2017,,,,,,,,,,,,,,,
Hacken (HKN),10/30/2017,12/1/2017,,,,,,,,,,,,,,,
LIKE (LIKE),9/6/2017,12/1/2017,,,,,,,,,,,,,,,
ODMCoin (ODMC),10/31/2017,12/1/2017,,,,,,,,,,,,,,,
Playkey (PKT),10/31/2017,12/1/2017,,,,,,,,,,,,,,,
Proof Suite (PRFT),10/31/2017,12/1/2017,,,,,,,,,,,,,,,
Relest (REST),11/25/2017,12/1/2017,,,,,,,,,,,,,,,
Rockchain (ROK),10/31/2017,12/1/2017,,,,,,,,,,,,,,,
ScriptDrop (AHC),10/31/2017,12/1/2017,,,,,,,,,,,,,,,
Simple Token (ST),11/14/2017,12/1/2017,,,,,,,,,,,,,,,
"ULedger, Inc. (ULD)",9/10/2017,12/1/2017,,,,,,,,,,,,,,,
ZILLA (ZLA),9/25/2017,12/1/2017,,,,,,,,,,,,,,,
Acuitty Global Services Exchange (ACT),9/14/2017,11/30/2017,,,,,,,,,,,,,,,
Anti Bureaucracy Coin (ABC),11/26/2017,11/30/2017,,,,,,,,,,,,,,,
Arbi (ARBI),10/29/2017,11/30/2017,,,,,,,,,,,,,,,
Armor Ceramics (ACR),10/18/2017,11/30/2017,,,,,,,,,,,,,,,
Crypto 20 (C20),10/6/2017,11/30/2017,,,,,,,,,,,,,,,
E-Veksel (EVR),9/8/2017,11/30/2017,,,,,,,,,,,,,,,
Esports.com (ERT),10/31/2017,11/30/2017,,,,,,,,,,,,,,,
EthLend (LEND),11/25/2017,11/30/2017,,,,,,,,,,,,,,,
Genaro Support Program (GNX),11/17/2017,11/30/2017,,,,,,,,,,,,,,,
Hagglin App (N/A),10/30/2017,11/30/2017,,,,,,,,,,,,,,,
LangPie (LGP),9/27/2017,11/30/2017,,,,,,,,,,,,,,,
LockChain (LOC),10/2/2017,11/30/2017,,,,,,,,,,,,,,,
Trive (TRV),10/31/2017,11/30/2017,,,,,,,,,,,,,,,
Verif-y (VFY),10/24/2017,11/30/2017,,,,,,,,,,,,,,,
ByteBet (BBET),11/21/2017,11/29/2017,,,,,,,,,,,,,,,
Datum (DAT),10/28/2017,11/29/2017,,,,,,,,,,,,,,,
Sinergia Blockchain (SNG),10/24/2017,11/29/2017,,,,,,,,,,,,,,,
Ventured Network (VCN),11/22/2017,11/29/2017,,,,,,,,,,,,,,,
WAX (WAX),10/17/2017,11/29/2017,,,,,,,,,,,,,,,
Sintez (SINT),11/7/2017,11/28/2017,,,,,,,,,,,,,,,
LydianCoin (LDN),11/20/2017,11/27/2017,,,,,,,,,,,,,,,
Boulè (BUO),10/24/2017,11/25/2017,,,,,,,,,,,,,,,
CyberMiles (CMT),10/23/2017,11/25/2017,,,,,,,,,,,,,,,
EZMarket (EZM),10/13/2017,11/25/2017,,,,,,,,,,,,,,,
Remechain (iRMC),11/9/2017,11/25/2017,,,,,,,,,,,,,,,
The Divi Project (DVIX),10/23/1971,11/25/2017,,,,,,,,,,,,,,,
DreamTeam (DTT),11/20/2017,11/24/2017,,,,,,,,,,,,,,,
Flixxo (FLIXX),10/23/2017,11/24/2017,,,,,,,,,,,,,,,
Mercury Protocol (GMT),10/24/2017,11/24/2017,,,,,,,,,,,,,,,
Qchain (EQC),10/23/2017,11/24/2017,,,,,,,,,,,,,,,
Starbase (STAR),11/9/2017,11/24/2017,,,,,,,,,,,,,,,
SmartProgress (SMC),10/21/2017,11/22/2017,,,,,,,,,,,,,,,
WandX (Wand),10/21/2017,11/22/2017,,,,,,,,,,,,,,,
Blockbid (BID),10/20/2017,11/21/2017,,,,,,,,,,,,,,,
Brickblock (BBT),10/30/2017,11/21/2017,,,,,,,,,,,,,,,
Decentralize Escrow-ANTISCAM (DES),8/26/2017,11/21/2017,,,,,,,,,,,,,,,
Science Blockchain (SCI),9/10/2017,11/21/2017,,,,,,,,,,,,,,,
Synapse (SYN),10/20/2017,11/21/2017,,,,,,,,,,,,,,,
BattleBall (BBC),10/30/2017,11/20/2017,,,,,,,,,,,,,,,
Bico (BICO),10/19/2017,11/20/2017,,,,,,,,,,,,,,,
Edge Smart Token (EST),11/6/2017,11/20/2017,,,,,,,,,,,,,,,
LydianCoin (LYDN),10/2/2017,11/20/2017,,,,,,,,,,,,,,,
MediBond (MED),10/19/2017,11/20/2017,,,,,,,,,,,,,,,
UTRUST (UTK),11/1/2017,11/20/2017,,,,,,,,,,,,,,,
Zap (ZAP),10/20/2017,11/20/2017,,,,,,,,,,,,,,,
Kript (KRPT),10/18/2017,11/19/2017,,,,,,,,,,,,,,,
Paycent (PYN),10/22/2017,11/19/2017,,,,,,,,,,,,,,,
Qbao (QTUM),11/15/2017,11/19/2017,,,,,,,,,,,,,,,
Udiar (IAR),9/19/2017,11/19/2017,,,,,,,,,,,,,,,
Commodity & Holdings Exchange (CHX),8/24/2017,11/17/2017,,,,,,,,,,,,,,,
DMarket (DMT),11/2/2017,11/17/2017,,,,,,,,,,,,,,,
Oracles Network (POA),11/17/2017,11/17/2017,,,,,,,,,,,,,,,
jNet1 (JNT),8/15/2017,11/16/2017,,,,,,,,,,,,,,,
Zavod Coin (ZVD),10/12/2017,11/16/2017,,,,,,,,,,,,,,,
ArtCoin Fund (ACF),10/31/2017,11/15/2017,,,,,,,,,,,,,,,
Crederoom (CDRT),10/15/2017,11/15/2017,,,,,,,,,,,,,,,
EtherSportz – ESZCoin (ESZ),10/31/2017,11/15/2017,,,,,,,,,,,,,,,
Fujinto (NTO),8/9/2017,11/15/2017,,,,,,,,,,,,,,,
Javvy Crypto Solution (JVY),10/31/2017,11/15/2017,,,,,,,,,,,,,,,
Latium (LAT),10/30/2017,11/15/2017,,,,,,,,,,,,,,,
SOMA (SCT),9/25/2017,11/15/2017,,,,,,,,,,,,,,,
BCDC (BCDC),10/31/2017,11/14/2017,,,,,,,,,,,,,,,
Bonpay (BON),10/16/2017,11/14/2017,,,,,,,,,,,,,,,
Stater (STAT),10/13/2017,11/14/2017,,,,,,,,,,,,,,,
LoanBit (LBT),11/13/2017,11/13/2017,,,,,,,,,,,,,,,
Weten (WTN),10/12/2017,11/13/2017,,,,,,,,,,,,,,,
CamOnRoad (CAM),10/14/2017,11/12/2017,,,,,,,,,,,,,,,
FinTab (FNT),10/11/2017,11/12/2017,,,,,,,,,,,,,,,
PayPie (PPP),10/14/2017,11/12/2017,,,,,,,,,,,,,,,
Grid+ (GRID),10/29/2017,11/11/2017,,,,,,,,,,,,,,,
DS Plus (FPC),9/9/2017,11/10/2017,,,,,,,,,,,,,,,
EnLedger (EEC),9/30/2017,11/10/2017,,,,,,,,,,,,,,,
Goldmint (MNT),9/19/2017,11/10/2017,,,,,,,,,,,,,,,
Ripio Credit Network (RCN),10/16/2017,11/10/2017,,,,,,,,,,,,,,,
STRIM Network (STR),10/4/2017,11/10/2017,,,,,,,,,,,,,,,
Uptoken (UP),10/15/2017,11/10/2017,,,,,,,,,,,,,,,
Valus (VLS),10/12/2017,11/10/2017,,,,,,,,,,,,,,,
Minerva (OWL),8/31/2017,11/9/2017,,,,,,,,,,,,,,,
Flipz (FLZ),10/11/2017,11/8/2017,,,,,,,,,,,,,,,
Qash (QASH),11/6/2017,11/8/2017,,,,,,,,,,,,,,,
Digital Disintermediation (DDT),11/7/2017,11/7/2017,,,,,,,,,,,,,,,
Modex (MDX),10/7/2017,11/7/2017,,,,,,,,,,,,,,,
Tokenbox (TBX),10/23/2017,11/7/2017,,,,,,,,,,,,,,,
UQUID Eco System (UQC),10/1/2017,11/7/2017,,,,,,,,,,,,,,,
Wordcoin (WORD),9/16/2017,11/7/2017,,,,,,,,,,,,,,,
1World Online (1WO),9/6/2017,11/6/2017,,,,,,,,,,,,,,,
Boosteroid (BTR),10/22/2017,11/6/2017,,,,,,,,,,,,,,,
Cubiyan (CUB),10/1/2017,11/4/2017,,,,,,,,,,,,,,,
Fizcal (FIZ),10/3/2017,11/3/2017,,,,,,,,,,,,,,,
Ignis (IGNIS),8/4/2017,11/3/2017,,,,,,,,,,,,,,,
OpenMoney (OPEN),10/6/2017,11/3/2017,,,,,,,,,,,,,,,
SRG-Play & Earn (SRG),10/3/2017,11/3/2017,,,,,,,,,,,,,,,
Cryder.io (CDT),10/19/2017,11/2/2017,,,,,,,,,,,,,,,
Proxy (PRXY),10/22/2017,11/2/2017,,,,,,,,,,,,,,,
Unity Coin (UNTY),10/29/2017,11/2/2017,,,,,,,,,,,,,,,
VerifyUnion (UC),10/2/2017,11/2/2017,,,,,,,,,,,,,,,
Votes (VOTES),10/2/2017,11/2/2017,,,,,,,,,,,,,,,
Dome Platform (DME),10/1/2017,11/1/2017,,,,,,,,,,,,,,,
SelfPay (SXP),10/2/2017,11/1/2017,,,,,,,,,,,,,,,
Vista Fintech (VTA),7/30/2017,11/1/2017,,,,,,,,,,,,,,,
Blockchain Board of Derivatives (BBD),9/30/2017,10/31/2017,,,,,,,,,,,,,,,
CobaltCoin (CBC),8/30/2017,10/31/2017,,,,,,,,,,,,,,,
INDICOIN (INDI),9/9/2017,10/31/2017,,,,,,,,,,,,,,,
Instacoin (INC),9/30/2017,10/31/2017,,,,,,,,,,,,,,,
Raiden Network (RDN),10/17/2017,10/31/2017,,,,,,,,,,,,,,,
2B4T (2B4T),8/10/2017,10/30/2017,,,,,,,,,,,,,,,
ATLANT (ATL),7/31/2017,10/30/2017,,,,,,,,,,,,,,,
Bannercoin (BCOIN),9/14/2017,10/30/2017,,,,,,,,,,,,,,,
CarTaxi (CTX),8/29/2017,10/30/2017,,,,,,,,,,,,,,,
CCORE (CCORE),8/24/2017,10/30/2017,,,,,,,,,,,,,,,
DisLedger (DCL),8/31/2017,10/30/2017,,,,,,,,,,,,,,,
Electroneum (ETN),9/13/2017,10/30/2017,,,,,,,,,,,,,,,
GlobeTrotter Cryptocurrency Ecosystem (GTT),10/14/2017,10/30/2017,,,,,,,,,,,,,,,
Golden Fleece (GFL),8/14/2017,10/30/2017,,,,,,,,,,,,,,,
Hazza (HAZ),10/2/2017,10/30/2017,,,,,,,,,,,,,,,
HomeToken (HOME),9/30/2017,10/30/2017,,,,,,,,,,,,,,,
LakeBanker (BAC),8/14/2017,10/30/2017,,,,,,,,,,,,,,,
PROPX (PROPX),9/7/2017,10/30/2017,,,,,,,,,,,,,,,
REALT (RLT),9/6/2017,10/30/2017,,,,,,,,,,,,,,,
Red Pulse (RPX),10/7/2017,10/30/2017,,,,,,,,,,,,,,,
Seratio Project (SER),9/14/2017,10/30/2017,,,,,,,,,,,,,,,
TokenStars (ACE),9/9/2017,10/30/2017,,,,,,,,,,,,,,,
Zeus (ZET),9/30/2017,10/30/2017,,,,,,,,,,,,,,,
BitLifeAndTrust (BLT),9/24/2017,10/29/2017,,,,,,,,,,,,,,,
Blockchain.aero (MFL),7/18/2017,10/29/2017,,,,,,,,,,,,,,,
BurstIQ (BIQ),9/18/2017,10/29/2017,,,,,,,,,,,,,,,
Cryptopay (CPAY),9/24/2017,10/29/2017,,,,,,,,,,,,,,,
GMP Project (GMP),9/27/2017,10/29/2017,,,,,,,,,,,,,,,
Goodwill Protocol (GDWLL),9/14/2017,10/29/2017,,,,,,,,,,,,,,,
Sparc (SPARC),9/30/2017,10/29/2017,,,,,,,,,,,,,,,
Brifs (BRIF),9/19/2017,10/28/2017,,,,,,,,,,,,,,,
CryptoChip (CRC),9/28/2017,10/28/2017,,,,,,,,,,,,,,,
Customizable Basic Income (CBI),9/28/2017,10/28/2017,,,,,,,,,,,,,,,
Etherparty (FUEL),9/30/2017,10/27/2017,,,,,,,,,,,,,,,
DAO IPCI (MITO),9/10/2017,10/26/2017,,,,,,,,,,,,,,,
Polkadot (DOT),10/14/2017,10/26/2017,,,,,,,,,,,,,,,
SMSCHAIN (SMT),10/1/2017,10/26/2017,,,,,,,,,,,,,,,
Aeron (ARN),9/18/2017,10/22/2017,,,,,,,,,,,,,,,
BioNT (BioNT),8/20/2017,10/22/2017,,,,,,,,,,,,,,,
Chimaera (CHI),10/15/2017,10/22/2017,,,,,,,,,,,,,,,
UnikoinGold (UKG),9/22/2017,10/22/2017,,,,,,,,,,,,,,,
COBINHOOD (COB),9/12/2017,10/21/2017,,,,,,,,,,,,,,,
Proemtheus (PMTP),9/24/2017,10/21/2017,,,,,,,,,,,,,,,
Assistive Reality (ARX),9/28/2017,10/19/2017,,,,,,,,,,,,,,,
EthBooks (EBK),9/17/2017,10/19/2017,,,,,,,,,,,,,,,
MONCRYPT (BBK),9/19/2017,10/19/2017,,,,,,,,,,,,,,,
Secure Identity Ledger (SILC),10/8/2017,10/18/2017,,,,,,,,,,,,,,,
Virtual Cash Back (VCB),7/18/2017,10/18/2017,,,,,,,,,,,,,,,
Ambrosus (AMB),9/19/2017,10/17/2017,,,,,,,,,,,,,,,
AERO Token (AERO),9/24/2017,10/16/2017,,,,,,,,,,,,,,,
Request Network (REQ),10/12/2017,10/16/2017,,,,,,,,,,,,,,,
Anacoin (ANAT),9/17/2017,10/15/2017,,,,,,,,,,,,,,,
BLOCKv (VEE),10/11/2017,10/15/2017,,,,,,,,,,,,,,,
Change Bank (CAG),9/15/2017,10/15/2017,,,,,,,,,,,,,,,
SNAPUP (SNP),8/27/2017,10/15/2017,,,,,,,,,,,,,,,
YouTweak.iT (PYTI),9/13/2017,10/15/2017,,,,,,,,,,,,,,,
EventChain (EVC),9/12/2017,10/14/2017,,,,,,,,,,,,,,,
FiNAMATRiX (FIX),8/2/2017,10/14/2017,,,,,,,,,,,,,,,
Paragon Coin (PRG),9/14/2017,10/14/2017,,,,,,,,,,,,,,,
doc.ai (NRN),9/27/2017,10/11/2017,,,,,,,,,,,,,,,
Ties.Network (TIE),9/20/2017,10/11/2017,,,,,,,,,,,,,,,
AirSwap (AST),10/9/2017,10/10/2017,,,,,,,,,,,,,,,
BitIndia (BIT),9/10/2017,10/10/2017,,,,,,,,,,,,,,,
DomRaider (ETH),9/11/2017,10/10/2017,,,,,,,,,,,,,,,
LAToken (LAT),8/21/2017,10/10/2017,,,,,,,,,,,,,,,
Aion (AION),10/2/2017,10/9/2017,,,,,,,,,,,,,,,
Airtoken (AIR),9/18/2017,10/9/2017,,,,,,,,,,,,,,,
BeOne (B1),8/27/2017,10/7/2017,,,,,,,,,,,,,,,
ARNA Panacea: Presale (ARNA),9/20/2017,10/6/2017,,,,,,,,,,,,,,,
Texcoin (TEX),9/29/2017,10/6/2017,,,,,,,,,,,,,,,
FinShi Capital (FINS),9/5/2017,10/5/2017,,,,,,,,,,,,,,,
Bitpoker (CHIP),9/4/2017,10/4/2017,,,,,,,,,,,,,,,
Power Ledger (POWR),9/7/2017,10/4/2017,,,,,,,,,,,,,,,
Prymex Blockchain Antivirus (PRX),9/27/2017,10/4/2017,,,,,,,,,,,,,,,
Ammbr (AMMBR),9/4/2017,10/3/2017,,,,,,,,,,,,,,,
Umbrella Coin (UMC),8/19/2017,10/3/2017,,,,,,,,,,,,,,,
Viberate (VIB),9/4/2017,10/3/2017,,,,,,,,,,,,,,,
DinnerfulNetwork (MCD),9/17/2017,10/2/2017,,,,,,,,,,,,,,,
Maecenas (ART),9/4/2017,10/2/2017,,,,,,,,,,,,,,,
Tokenstub (STUB),8/24/2017,10/2/2017,,,,,,,,,,,,,,,
HelloGold (HGT),8/27/2017,10/1/2017,,,,,,,,,,,,,,,
Matrexa (MTRX),9/16/2017,10/1/2017,,,,,,,,,,,,,,,
SilverCoin (SVC),6/20/2017,10/1/2017,,,,,,,,,,,,,,,
Enjin Coin (ENJ),8/31/2017,9/30/2017,,,,,,,,,,,,,,,
Intellium (INTL),7/20/2017,9/30/2017,,,,,,,,,,,,,,,
Lust Agency (LUST),8/17/2017,9/30/2017,,,,,,,,,,,,,,,
STABLE (STB),9/2/2017,9/30/2017,,,,,,,,,,,,,,,
Zloadr (ZDR),,8/31/2017,,,,,,,,,,,,,,,
Monetha (MTH),8/30/2017,9/29/2017,,,,,,,,,,,,,,,
Musiconomi (MCI),8/28/2017,9/29/2017,,,,,,,,,,,,,,,
Native Currency (NATV),8/31/2017,9/29/2017,,,,,,,,,,,,,,,
Oxycoin (OXY),8/31/2017,9/29/2017,,,,,,,,,,,,,,,
REAL (REAL),8/30/2017,9/29/2017,,,,,,,,,,,,,,,
uooMAG (UMC),8/31/2017,9/29/2017,,,,,,,,,,,,,,,
KICKICO (KCX),8/28/2017,9/28/2017,,,,,,,,,,,,,,,
Cindicator (CND),9/11/2017,9/27/2017,,,,,,,,,,,,,,,
Solomon Exchange (SMNX),8/27/2017,9/27/2017,,,,,,,,,,,,,,,
Centra (CTR),9/18/2017,9/24/2017,,,,,,,,,,,,,,,
Kik (KIN),9/11/2017,9/24/2017,,,,,,,,,,,,,,,
Privateers.Life (LDM),8/27/2017,9/24/2017,,,,,,,,,,,,,,,
Modum.io (MOD),8/31/2017,9/21/2017,,,,,,,,,,,,,,,
Cloud Token (CLD),7/24/2017,9/20/2017,,,,,,,,,,,,,,,
HotelCoin (HTC),8/20/2017,9/20/2017,,,,,,,,,,,,,,,
ICON (ICX),9/19/2017,9/19/2017,,,,,,,,,,,,,,,
Smart Contract (SALES),8/19/2017,9/18/2017,,,,,,,,,,,,,,,
Streamr – presale (DATA),9/11/2017,9/18/2017,,,,,,,,,,,,,,,
KyberNetwork (KNC),9/14/2017,9/16/2017,,,,,,,,,,,,,,,
ATBcoin (ATB),6/11/2017,9/14/2017,,,,,,,,,,,,,,,
BitDice Casino (CSNO),8/14/2017,9/14/2017,,,,,,,,,,,,,,,
FaceCoin (FC),8/14/2017,9/14/2017,,,,,,,,,,,,,,,
ICOBox (ICOS),8/14/2017,9/14/2017,,,,,,,,,,,,,,,
Smart Investment Fund Token (SIFT),7/31/2017,9/14/2017,,,,,,,,,,,,,,,
Social (SCL),8/16/2017,9/14/2017,,,,,,,,,,,,,,,
ZeroTraffic (ZTT),8/13/2017,9/14/2017,,,,,,,,,,,,,,,
Propy (PRO),8/14/2017,9/13/2017,,,,,,,,,,,,,,,
Blackmoon Crypto (BMC),9/11/2017,9/12/2017,,,,,,,,,,,,,,,
s3entigrapH (GRAPH),8/13/2017,9/12/2017,,,,,,,,,,,,,,,
Aventus (AVT),9/5/2017,9/11/2017,,,,,,,,,,,,,,,
Enigma Catalyst (ECAT),9/10/2017,9/11/2017,,,,,,,,,,,,,,,
Filecoin (FIL),8/9/2017,9/9/2017,,,,,,,,,,,,,,,
Substratum (SUB),8/6/2017,9/6/2017,,,,,,,,,,,,,,,
Po.et (POE),8/7/2017,9/4/2017,,,,,,,,,,,,,,,
ChronoLogic (DAY),8/27/2017,9/3/2017,,,,,,,,,,,,,,,
TargetCoin (TGT),7/14/2017,8/30/2017,,,,,,,,,,,,,,,
XPLAY (XPA),8/6/2017,8/30/2017,,,,,,,,,,,,,,,
BitBounce (CREDO),7/25/2017,8/29/2017,,,,,,,,,,,,,,,
Dimcoin (DIM),6/30/2017,8/27/2017,,,,,,,,,,,,,,,
Decentraland (MANA),8/17/2017,8/17/2017,,,,,,,,,,,,,,,
Tierion (TNT),7/26/2017,8/17/2017,,,,,,,,,,,,,,,
Agrello (DLT),7/15/2017,8/16/2017,,,,,,,,,,,,,,,
0x (ZRX),8/14/2017,8/15/2017,,,,,,,,,,,,,,,
Populous (PPT),7/15/2017,8/15/2017,,,,,,,,,,,,,,,
BlockCAT (CAT),7/14/2017,8/13/2017,,,,,,,,,,,,,,,
Hive Project (HVN),7/2/2017,8/13/2017,,,,,,,,,,,,,,,
Stox (STX),7/26/2017,8/9/2017,,,,,,,,,,,,,,,
ACT (ACT),7/17/2017,7/31/2017,,,,,,,,,,,,,,,
BitClave – presale (CAT),7/24/2017,7/31/2017,,,,,,,,,,,,,,,
district0x Network (DNT),7/17/2017,7/31/2017,,,,,,,,,,,,,,,
Giga Watt (WTT),6/1/2017,7/30/2017,,,,,,,,,,,,,,,
Blocktix (TIX),7/6/2017,7/27/2017,,,,,,,,,,,,,,,
TrueFlip (TFL),6/27/2017,7/27/2017,,,,,,,,,,,,,,,
Dao.Casino (BET),6/28/2017,7/25/2017,,,,,,,,,,,,,,,
Primalbase (PBT),6/25/2017,7/25/2017,,,,,,,,,,,,,,,
CoinDash (CDT),7/16/2017,7/16/2017,,,,,,,,,,,,,,,
Pillar (PLR),7/14/2017,7/16/2017,,,,,,,,,,,,,,,
SONM (SNM),6/14/2017,7/14/2017,,,,,,,,,,,,,,,
InsureX (IXT),7/10/2017,7/12/2017,,,,,,,,,,,,,,,
Tezos (XTZ),6/30/2017,7/12/2017,,,,,,,,,,,,,,,
Nimiq (NET),6/27/2017,7/11/2017,,,,,,,,,,,,,,,
Polybius (PLBT),5/30/2017,7/4/2017,,,,,,,,,,,,,,,
Santiment (SAN),7/3/2017,7/3/2017,,,,,,,,,,,,,,,
Starta (STA),7/3/2017,7/3/2017,,,,,,,,,,,,,,,
OpenANX (OAX),6/21/2017,7/2/2017,,,,,,,,,,,,,,,
EncryptoTel (ETT),4/23/2017,6/30/2017,,,,,,,,,,,,,,,
Stremio Adex (ADX),6/29/2017,6/29/2017,,,,,,,,,,,,,,,
Air (XID),5/31/2017,6/28/2017,,,,,,,,,,,,,,,
DCORP (DRP),5/31/2017,6/28/2017,,,,,,,,,,,,,,,
21 Million (21M),6/11/2017,6/27/2017,,,,,,,,,,,,,,,
OmiseGO (OMG),6/26/2017,6/26/2017,,,,,,,,,,,,,,,
NVO (NVO),5/22/2017,6/24/2017,,,,,,,,,,,,,,,
Wagerr (WGR),5/31/2017,6/24/2017,,,,,,,,,,,,,,,
TenX (PAY),6/23/2017,6/23/2017,,,,,,,,,,,,,,,
Civic (CVC),6/20/2017,6/21/2017,,,,,,,,,,,,,,,
Status (SNT),6/16/2017,6/20/2017,,,,,,,,,,,,,,,
Monaco (MCO),5/17/2017,6/17/2017,,,,,,,,,,,,,,,
Bancor Protocol (BANCOR),6/11/2017,6/11/2017,,,,,,,,,,,,,,,
Aeternity 2 (XAE),5/28/2017,6/8/2017,,,,,,,,,,,,,,,
Zrcoin (ZRC),5/10/2017,6/8/2017,,,,,,,,,,,,,,,
Cofound.it (CFI),6/3/2017,6/5/2017,,,,,,,,,,,,,,,
Patientory (PTOY),5/30/2017,6/2/2017,,,,,,,,,,,,,,,
Basic Attention Token (BAT),5/30/2017,5/30/2017,,,,,,,,,,,,,,,
Exscudo (EON),4/24/2017,5/30/2017,,,,,,,,,,,,,,,
Mysterium Network (MYST),5/29/2017,5/29/2017,,,,,,,,,,,,,,,
Veritaseum (VER),4/24/2017,5/25/2017,,,,,,,,,,,,,,,
MobileGo (MOBILEGO),4/24/2017,5/24/2017,,,,,,,,,,,,,,,
Storj (STORJ),5/18/2017,5/24/2017,,,,,,,,,,,,,,,
Aragon (ANT),5/16/2017,5/16/2017,,,,,,,,,,,,,,,
BitcoinGrowthFund (MCAP),4/26/2017,5/16/2017,,,,,,,,,,,,,,,
BOScoin (BOS),5/8/2017,5/9/2017,,,,,,,,,,,,,,,
Nexxus (NXX),5/7/2017,5/7/2017,,,,,,,,,,,,,,,
Quantum Resistant Ledger (QRL),4/30/2017,5/6/2017,,,,,,,,,,,,,,,
TokenCard (TKN),5/1/2017,5/1/2017,,,,,,,,,,,,,,,
Humaniq (HMQ),4/5/2017,4/26/2017,,,,,,,,,,,,,,,
TaaS (TAAS),3/26/2017,4/26/2017,,,,,,,,,,,,,,,
Gnosis (GNO),4/23/2017,4/23/2017,,,,,,,,,,,,,,,
IEX.EC (RLC),4/18/2017,4/18/2017,,,,,,,,,,,,,,,
Rchain (RCOIN),4/4/2017,4/15/2017,,,,,,,,,,,,,,,
WeTrust (TRST),3/2/2017,4/11/2017,,,,,,,,,,,,,,,
Blockchain Capital (BCAP),4/9/2017,4/9/2017,,,,,,,,,,,,,,,
MetaGold (MEG),4/2/2017,4/7/2017,,,,,,,,,,,,,,,
Aeternity 1 (XAE),4/2/2017,4/5/2017,,,,,,,,,,,,,,,
Cosmos Network (ATOM),4/5/2017,4/5/2017,,,,,,,,,,,,,,,
Matchpool (GUP),4/1/2017,4/2/2017,,,,,,,,,,,,,,,
AKM GLOBAL (AKM),9/29/2017,3/31/2017,,,,,,,,,,,,,,,
Qtum (QTUM),3/15/2017,3/20/2017,,,,,,,,,,,,,,,
Safe Haven (SHA),12/10/2017,3/14/2017,,,,,,,,,,,,,,,
Dogezer (DGZ),1/15/2018,3/8/2017,,,,,,,,,,,,,,,
Utemis (UTS),1/8/2017,3/8/2017,,,,,,,,,,,,,,,
Augmentors (DBT),1/31/2017,3/1/2017,,,,,,,,,,,,,,,
Lykke (Lykke),2/9/2017,2/28/2017,,,,,,,,,,,,,,,
VentureOn (VNN),10/31/2017,2/26/2017,,,,,,,,,,,,,,,
Vesa (VSA),12/20/2017,2/28/2018,,,"$85,291,962.00 ",,,,,,No,$2.56 ,,,,,
Melon (MLN),2/15/2017,2/15/2017,,,"$2,900,000.00 ",,,,"Token, Investment System",,Yes,$189.70 ,"$771,632.00 ","$113,706,779.00 ",79.98%,,
Chronobank (LH),12/15/2016,2/14/2017,,,"$5,400,000.00 ",,,,"Token, Recruitment System",,Yes,$31.07 ,"$208,412.00 ","$22,062,637.00 ","710,113 TIME",,
Ril Coin (RIL),10/31/2017,2/14/2017,,,,,,,,,,,,,,,
Dfinity (DFN),2/11/2017,2/12/2017,,,"$3,750,000.00 ",,,,Cloud Platform,,No,,,,,,
DARFchain (DARF),10/31/2017,1/30/2017,,,,,,,,,,,,,,,
AdMine (MCN),12/18/2017,1/19/2017,,,,,,,,,,,,,,,
KeepPet (PET),12/31/2017,1/15/2017,,,,,,,,,,,,,,,
Wings (WINGS),11/18/2016,1/6/2017,,,2.07,,,,Token,,Yes,1.09,"$4,323,400.00 ","$97,482,457.00 ",89.71%,,
vDice (vSlice),11/15/2016,12/15/2016,,,1.65,,,,Web App,,No,,,,,,
Ark (ARK),11/7/2016,12/11/2016,,,1,,,,Coin,,Yes,$6.70 ,"$4,840,480.00 ","$656,078,758.00 ",74.64%,,
Komodo (KMD),10/14/2016,11/20/2016,,,1.98,,,,Coin,,Yes,$7.09 ,"$5,756,310.00 ","$733,178,600.00 ",,,
Golem (GNT),11/11/2016,11/11/2016,,,8.6,,,,Token,,Yes,$0.59 ,"$9,344,090.00 ","$493,256,573.00 ",83.43%,,
,,,,,,,,,,,,,,,,,
Internxt,,,,,,,,,,,,,,,,,
Solomon Exchange,,,,,,,,,,,,,,,,,
Hackspace Capital,,,,,,,,,,,,,,,,,
Impak Finance,,,,,,,,,,,,,,,,,
Modum.io,,,,,,,,,,,,,,,,,
DetectorToken,,,,,,,,,,,,,,,,,
SilentNotary,,,,,,,,,,,,,,,,,
Intelligent Trading Tech,,,,,,,,,,,,,,,,,
KyberNetwork,,,,,,,,,,,,,,,,,
KICKICO,,,,,,,,,,,,,,,,,
ATB Coin,,,,,,,,,,,,,,,,,
Smart Investment Fund Token,,,,,,,,,,,,,,,,,
Trackr,,,,,,,,,,,,,,,,,
Propy,,,,,,,,,,,,,,,,,
FaceCoin,,,,,,,,,,,,,,,,,
ICObox,,,,,,,,,,,,,,,,,
Social(SCL),,,,,,,,,,,,,,,,,
BitDice,,,,,,,,,,,,,,,,,
Aventus,,,,,,,,,,,,,,,,,
Enigma Catalyst,,,,,,,,,,,,,,,,,
Ahoolee,,,,,,,,,,,,,,,,,
StuffGoGo,,,,,,,,,,,,,,,,,
Prospector,,,,,,,,,,,,,,,,,
Rivetz,,,,,,,,,,,,,,,,,
OneGram,,,,,,,,,,,,,,,,,
Filecoin,,,,,,,,,,,,,,,,,
fujinto,,,,,,,,,,,,,,,,,
Alpen Coin,,,,,,,,,,,,,,,,,
Hubii,,,,,,,,,,,,,,,,,
Revain,,,,,,,,,,,,,,,,,
Substratum,,,,,,,,,,,,,,,,,
WorldWide Anonymous Messaging,,,,,,,,,,,,,,,,,
COSS,,,,,,,,,,,,,,,,,
Indorse,,,,,,,,,,,,,,,,,
Viberate,,,,,,,,,,,,,,,,,
FinShi Capital,,,,,,,,,,,,,,,,,
Moeda,,,,,,,,,,,,,,,,,
ATB Coin,,,,,,,,,,,,,,,,,
XPlay,,,,,,,,,,,,,,,,,
DMarket,,,,,,,,,,,,,,,,,
Corion,,,,,,,,,,,,,,,,,
DimCoin,,,,,,,,,,,,,,,,,
Opus,,,,,,,,,,,,,,,,,
Paquarium,,,,,,,,,,,,,,,,,
Agrello,,,,,,,,,,,,,,,,,
Tierion,,,,,,,,,,,,,,,,,
Blocktix,,,,,,,,,,,,,,,,,
MonsterByte,,,,,,,,,,,,,,,,,
CoinDash,,,,,,,,,,,,,,,,,
district0x Network,,,,,,,,,,,,,,,,,
SunContract,,,,,,,,,,,,,,,,,
FundYourselfNow,,,,,,,,,,,,,,,,,
Giga Watt Token,,,,,,,,,,,,,,,,,
Blocktix,,,,,,,,,,,,,,,,,
RootProject,,,,,,,,,,,,,,,,,
TrueFlip,,,,,,,,,,,,,,,,,
GeoFounders,,,,,,,,,,,,,,,,,
Primalbase,,,,,,,,,,,,,,,,,
Dent,,,,,,,,,,,,,,,,,
Eros,,,,,,,,,,,,,,,,,
SkinCoin,,,,,,,,,,,,,,,,,
Gilgam,,,,,,,,,,,,,,,,,
Gilgam.es,,,,,,,,,,,,,,,,,
Pillar,,,,,,,,,,,,,,,,,
CoinDash,,,,,,,,,,,,,,,,,
Sumerchain,,,,,,,,,,,,,,,,,
Mothership,,,,,,,,,,,,,,,,,
Bitquence,,,,,,,,,,,,,,,,,
PressOne,,,,,,,,,,,,,,,,,
SONM,,,,,,,,,,,,,,,,,
Orocrypt,,,,,,,,,,,,,,,,,
Fuck,,,,,,,,,,,,,,,,,
Tezos,,,,,,,,,,,,,,,,,
InsureX,,,,,,,,,,,,,,,,,
Nimiq,,,,,,,,,,,,,,,,,
ATBcoin,,,,,,,,,,,,,,,,,
LeviarCoin,,,,,,,,,,,,,,,,,
OnPlace,,,,,,,,,,,,,,,,,
Polybius,,,,,,,,,,,,,,,,,
Santiment,,,,,,,,,,,,,,,,,
OpenANX,,,,,,,,,,,,,,,,,
Rialto,,,,,,,,,,,,,,,,,
Starta,,,,,,,,,,,,,,,,,
CrypViser,,,,,,,,,,,,,,,,,
Rialto.AI,,,,,,,,,,,,,,,,,
EncryptoTel,,,,,,,,,,,,,,,,,
AdEx,,,,,,,,,,,,,,,,,
BlockPool,,,,,,,,,,,,,,,,,
DCORP,,,,,,,,,,,,,,,,,
Air,,,,,,,,,,,,,,,,,
21 Million,,,,,,,,,,,,,,,,,
SilverCoin,,,,,,,,,,,,,,,,,
iDice,,,,,,,,,,,,,,,,,
Octanox,,,,,,,,,,,,,,,,,
Wagerr,,,,,,,,,,,,,,,,,
CryptoPing,,,,,,,,,,,,,,,,,
NVO,,,,,,,,,,,,,,,,,
TenX,,,,,,,,,,,,,,,,,
MaskNetwork,,,,,,,,,,,,,,,,,
OmiseGO,,,,,,,,,,,,,,,,,
FootballCoin,,,,,,,,,,,,,,,,,
Civic,,,,,,,,,,,,,,,,,
Status,,,,,,,,,,,,,,,,,
Internet of Coins,,,,,,,,,,,,,,,,,
Monaco,,,,,,,,,,,,,,,,,
BidLend,,,,,,,,,,,,,,,,,
Minexcoin,,,,,,,,,,,,,,,,,
SuperDAO,,,,,,,,,,,,,,,,,
Bancor,,,,,,,,,,,,,,,,,
Aira,,,,,,,,,,,,,,,,,
Zrcoin,,,,,,,,,,,,,,,,,
EcoBit,,,,,,,,,,,,,,,,,
Cofound.it,,,,,,,,,,,,,,,,,
VOISE,,,,,,,,,,,,,,,,,
Patientory,,,,,,,,,,,,,,,,,
Embermine,,,,,,,,,,,,,,,,,
Adel,,,,,,,,,,,,,,,,,
Basic Attention Token,,,,,,,,,,,,,,,,,
Exscudo,,,,,,,,,,,,,,,,,
Mysterium Network,,,,,,,,,,,,,,,,,
Suretly,,,,,,,,,,,,,,,,,
Veritaseum,,,,,,,,,,,,,,,,,
Metal,,,,,,,,,,,,,,,,,
MobileGo,,,,,,,,,,,,,,,,,
Storj,,,,,,,,,,,,,,,,,
E4ROW,,,,,,,,,,,,,,,,,
Viva Coin,,,,,,,,,,,,,,,,,
Aragon,,,,,,,,,,,,,,,,,
BitcoinGrowthFund,,,,,,,,,,,,,,,,,
Peerplays,,,,,,,,,,,,,,,,,
Ethbits,,,,,,,,,,,,,,,,,
Legends Room,,,,,,,,,,,,,,,,,
BOScoin,,,,,,,,,,,,,,,,,
Nexxus,,,,,,,,,,,,,,,,,
Quantum Resistant Ledger,,,,,,,,,,,,,,,,,
TokenCard,,,,,,,,,,,,,,,,,
Creativechain,,,,,,,,,,,,,,,,,
Apptrade,,,,,,,,,,,,,,,,,
Lunyr,,,,,,,,,,,,,,,,,
Back to Earth,,,,,,,,,,,,,,,,,
TaaS,,,,,,,,,,,,,,,,,
Humaniq,,,,,,,,,,,,,,,,,
Gnosis,,,,,,,,,,,,,,,,,
IEX.EC,,,,,,,,,,,,,,,,,
WeTrust,,,,,,,,,,,,,,,,,
Blockchain Capital,,,,,,,,,,,,,,,,,
Aeternity,,,,,,,,,,,,,,,,,
Cosmos Network,,,,,,,,,,,,,,,,,
Cosmos,,,,,,,,,,,,,,,,,
Matchpool,,,,,,,,,,,,,,,,,
Equibit,,,,,,,,,,,,,,,,,
Chain of Points,,,,,,,,,,,,,,,,,
CashScripter,,,,,,,,,,,,,,,,,
Qtum,,,,,,,,,,,,,,,,,
Edgeless,,,,,,,,,,,,,,,,,
Lykke,,,,,,,,,,,,,,,,,
Augmentors,,,,,,,,,,,,,,,,,
Lykke (2nd round),,,,,,,,,,,,,,,,,
Contingency,,,,,,,,,,,,,,,,,
Etheroll,,,,,,,,,,,,,,,,,
Melon,,,,,,,,,,,,,,,,,
Chronobank,,,,,,,,,,,,,,,,,
Dfinity,,,,,,,,,,,,,,,,,
Tokes,,,,,,,,,,,,,,,,,
Wings,,,,,,,,,,,,,,,,,
BetKing,,,,,,,,,,,,,,,,,
Darcrus,,,,,,,,,,,,,,,,,
BlockCDN,,,,,,,,,,,,,,,,,
Ether.camp,,,,,,,,,,,,,,,,,
Virtual Accelerator,,,,,,,,,,,,,,,,,
Mysterium (1st round),,,,,,,,,,,,,,,,,
vDice,,,,,,,,,,,,,,,,,
Ark,,,,,,,,,,,,,,,,,
Golos,,,,,,,,,,,,,,,,,
Incent,,,,,,,,,,,,,,,,,
Beyond the Void,,,,,,,,,,,,,,,,,
MassNetwork,,,,,,,,,,,,,,,,,
Arcade City,,,,,,,,,,,,,,,,,
ETCWin,,,,,,,,,,,,,,,,,
Komodo,,,,,,,,,,,,,,,,,
Golem,,,,,,,,,,,,,,,,,
Kibo Lotto,,,,,,,,,,,,,,,,,
Decent,,,,,,,,,,,,,,,,,
Synereo,,,,,,,,,,,,,,,,,
Lykke (1st round),,,,,,,,,,,,,,,,,
SingularDTV,,,,,,,,,,,,,,,,,
Iconomi,,,,,,,,,,,,,,,,,
First Blood,,,,,,,,,,,,,,,,,
Antshares,,,,,,,,,,,,,,,,,
Metaverse,,,,,,,,,,,,,,,,,
BlockPay,,,,,,,,,,,,,,,,,
Elastic,,,,,,,,,,,,,,,,,
HEAT,,,,,,,,,,,,,,,,,
Icoo,,,,,,,,,,,,,,,,,
Xaurum,,,,,,,,,,,,,,,,,
Stratis,,,,,,,,,,,,,,,,,
Breakout Coin,,,,,,,,,,,,,,,,,
Waves,,,,,,,,,,,,,,,,,
Rise,,,,,,,,,,,,,,,,,
Plutus,,,,,,,,,,,,,,,,,
Mycelium  (2nd round),,,,,,,,,,,,,,,,,
The DAO,,,,,,,,,,,,,,,,,
Project Decorum,,,,,,,,,,,,,,,,,
Ionomy,,,,,,,,,,,,,,,,,
DigixGlobal,,,,,,,,,,,,,,,,,
DigixDAO,,,,,,,,,,,,,,,,,
Lisk,,,,,,,,,,,,,,,,,
Obits,,,,,,,,,,,,,,,,,
Iota,,,,,,,,,,,,,,,,,
Augur,,,,,,,,,,,,,,,,,
Spells of Genesis,,,,,,,,,,,,,,,,,
Factom,,,,,,,,,,,,,,,,,
NeuCoin,,,,,,,,,,,,,,,,,
DacPlay,,,,,,,,,,,,,,,,,
GetGems,,,,,,,,,,,,,,,,,
MUSE,,,,,,,,,,,,,,,,,
SuperNET,,,,,,,,,,,,,,,,,
Ethereum,,,,,,,,,,,,,,,,,
Storjcoin X,,,,,,,,,,,,,,,,,
Swarm,,,,,,,,,,,,,,,,,
MaidSafeCoin,,,,,,,,,,,,,,,,,
Counterparty,,,,,,,,,,,,,,,,,
